{
    "bl_idname": "\u0006",
    "offset_x": "60",
    "offset_y": "30",
    "anchor_pos": "LEFT_BOTTOM",
    "automatic_recalc": false,
    "calculation_backend": "CPP",
    "view3d_panel_category": "Texel Density",
    "uv_panel_category": "Texel Density",
    "view3d_panel_category_enable": true,
    "uv_panel_enable": true,
    "default_units": "0",
    "default_texture_size": "512",
    "default_custom_width": "1024",
    "default_custom_height": "1024",
    "default_selected_faces": true,
    "default_checker_method": "STORE",
    "default_checker_type": "COLOR_GRID",
    "default_checker_uv_scale": "1",
    "default_density_set": "1.28",
    "default_set_method": "EACH",
    "default_rescale_anchor": "SELECTION",
    "default_select_mode": "FACES_BY_TD",
    "default_select_type": "EQUAL",
    "default_select_value": "1.0",
    "default_select_threshold": "0.1",
    "default_bake_vc_mode": "TD_FACES_TO_VC",
    "default_bake_vc_auto_min_max": true,
    "default_bake_vc_min_td": "0.64",
    "default_bake_vc_max_td": "10.24",
    "default_uv_islands_to_vc_mode": "ISLAND",
    "default_bake_vc_min_space": "0.1",
    "default_bake_vc_max_space": "25.0",
    "default_bake_vc_distortion_range": "50",
    "default_bake_vc_show_gradient": false
}